<?xml version="1.0" encoding="UTF-8"?>
<project-private xmlns="http://www.netbeans.org/ns/project-private/1">
    <editor-bookmarks xmlns="http://www.netbeans.org/ns/editor-bookmarks/2" lastBookmarkId="0"/>
    <open-files xmlns="http://www.netbeans.org/ns/projectui-open-files/2">
        <group>
            <file>file:/C:/Users/T%20NAMRATHA%20PADIYAR/Documents/NetBeansProjects/InventoryManagement/web/index.jsp</file>
            <file>file:/C:/Users/T%20NAMRATHA%20PADIYAR/Documents/NetBeansProjects/InventoryManagement/web/register.jsp</file>
            <file>file:/C:/Users/T%20NAMRATHA%20PADIYAR/Documents/NetBeansProjects/InventoryManagement/web/login.jsp</file>
            <file>file:/C:/Users/T%20NAMRATHA%20PADIYAR/Documents/NetBeansProjects/InventoryManagement/web/general.jsp</file>
            <file>file:/C:/Users/T%20NAMRATHA%20PADIYAR/Documents/NetBeansProjects/InventoryManagement/web/admin.jsp</file>
            <file>file:/C:/Users/T%20NAMRATHA%20PADIYAR/Documents/NetBeansProjects/InventoryManagement/web/web.xml</file>
            <file>file:/C:/Users/T%20NAMRATHA%20PADIYAR/Documents/NetBeansProjects/InventoryManagement/src/java/servlets/AdminServlet.java</file>
            <file>file:/C:/Users/T%20NAMRATHA%20PADIYAR/Documents/NetBeansProjects/InventoryManagement/src/java/servlets/GeneralServlet.java</file>
            <file>file:/C:/Users/T%20NAMRATHA%20PADIYAR/Documents/NetBeansProjects/InventoryManagement/src/java/servlets/LoginServlet.java</file>
            <file>file:/C:/Users/T%20NAMRATHA%20PADIYAR/Documents/NetBeansProjects/InventoryManagement/src/java/servlets/RegisterServlet.java</file>
            <file>file:/C:/Users/T%20NAMRATHA%20PADIYAR/Documents/NetBeansProjects/InventoryManagement/web/sareehome.jpg</file>
        </group>
    </open-files>
</project-private>
